{"theta0": 8466.940606593571, "theta1": -0.021138366962314057}